WORD_LOWER;AROUSAL_MEAN
überwältigt;6,70
kakerlake;6,40
kuscheln;4,50
genuss;4,50
freundlich;3,70
dankbar;4,40
hübsch;4,40
bescheiden;3,45
mörder;7,05
ernst;4,80
feierlich;4,40
flur;3,70
gewehr;6,25
wahnsinnig;6,55
eindringling;7,05
schnell;6,85
aal;2,4
aas;2,6
abart;3,3
abbau;3,0
abbauen;2,1
abbild;2,1
abbruch;2,9
abdanken;2,7
abdruck;2,2
abend;1,8
abendrot;2,0
abends;2,1
abfahrt;3,1
abfall;2,4
abflug;3,1
abfuhr;3,6
abgang;2,3
abgas;2,9
abgeben;2,2
abgrund;3,9
abhang;3,4
abhauen;3,2
abhilfe;2,2
abitur;4,0
abkehr;2,8
ablauf;2,1
ableger;2,2
ablehnen;3,0
abmagern;2,3
abort;2,4
abreise;3,3
absage;3,4
absatz;2,2
abscheu;4,1
abschied;3,2
abseits;2,8
absender;2,1
absicht;2,6
abstand;1,9
abstieg;2,9
absturz;4,1
absurd;3,4
abt;1,5
abtei;1,8
abteil;2,1
abwasser;2,5
abweg;2,5
abwehr;3,2
abwurf;2,9
abzug;2,9
achse;2,2
achsel;2,4
achten;2,4
achtung;3,6
adel;2,6
adeln;2,4
adjutant;3,2
adler;2,4
adoption;2,9
adressat;2,0
adria;2,7
advent;1,7
affe;3,0
affekt;3,6
agent;2,9
aggression;4,3
agil;2,3
ahnen;2,6
ahnung;3,0
ahorn;1,7
akademie;3,1
akribie;2,4
aktie;2,2
aktion;2,9
aktiv;3,3
aktivität;3,3
akzent;3,2
alarm;4,4
albern;3,1
album;2,5
alkohol;3,5
allee;1,3
allein;2,5
alltag;2,3
almosen;2,7
alpdruck;3,2
alptraum;4,5
altar;2,4
altbau;2,5
alter;2,0
altklug;2,2
amateur;2,5
amboß;2,3
amerika;3,1
ami;2,7
ampel;2,7
ampulle;3,1
amsel;1,8
amt;2,5
amulett;2,4
anbahnen;2,9
anbau;1,6
anbieten;1,7
änderung;2,8
anekdote;2,6
anekeln;3,6
anerkennen;3,0
anfall;3,9
anfallen;3,8
anfang;3,0
anflug;2,5
angeben;2,8
angebot;2,9
angehen;2,4
angeklagte;3,4
angel;2,2
angeregt;3,5
angler;2,0
angriff;4,0
angst;4,4
anheizen;2,8
anker;1,9
anklage;3,9
anklagen;3,8
anklang;1,7
anlegen;2,0
anleihe;2,2
anlocken;2,4
anmut;2,3
anmutig;2,3
annahme;2,3
annehmen;2,4
anomal;2,3
anomalie;3,7
anonym;2,7
anormal;2,4
anpumpen;2,4
anregung;3,1
anreiz;3,7
anruf;2,8
anrufen;2,8
ansporn;3,3
ansprechen;2,7
anstehen;2,5
anteil;2,3
antrag;3,1
antwort;2,7
antworten;2,2
anwalt;2,9
anwidern;3,5
anzahl;1,7
apathie;3,3
apfel;1,8
appetit;2,7
applaus;3,6
aquarium;1,4
arbeit;2,8
arbeiten;2,7
arbeiter;2,2
archiv;1,9
arg;2,5
ärger;3,9
ärgernis;3,8
argwohn;3,4
armee;4,0
armut;3,3
aroma;2,2
arrest;3,8
arroganz;3,6
arsch;4,0
arsen;3,4
arsenal;2,3
arzt;2,8
asche;2,9
aschfahl;1,9
aschgrau;1,6
askese;2,6
asket;2,0
asozial;2,5
asyl;3,4
atemnot;4,4
atlas;2,3
atmung;2,5
atombombe;4,4
attentat;4,7
aufatmen;2,3
aufbau;2,3
aufbauen;2,4
aufbruch;3,2
aufenthalt;2,6
auffordern;3,0
aufgabe;2,8
aufgeben;2,2
aufhalten;2,2
aufhören;2,1
aufleben;2,9
aufnahme;2,7
aufnehmen;2,4
aufpreis;2,7
aufsatz;2,4
aufseher;2,6
aufstand;3,9
aufstieg;3,3
auftrag;2,8
auftreten;2,7
aufwind;2,6
aufzucht;2,6
auge;2,1
august;2,2
ausbaden;2,4
ausbau;1,6
ausbildung;3,4
ausblick;2,2
ausbruch;3,5
ausdauer;2,2
ausfall;3,1
ausflug;2,7
ausgabe;2,3
ausgeben;2,5
auskunft;2,1
auslösen;2,2
ausmaß;2,6
ausnahme;2,9
ausreden;2,3
aussage;2,2
aussetzen;2,1
aussicht;2,2
ausstieg;2,9
auswahl;2,2
auswirkung;2,6
auswurf;2,4
autark;3,0
autonom;2,9
autorität;3,6
aversion;3,8
baby;2,8
bach;1,8
bad;2,3
bagger;2,5
bahre;2,8
bakterie;3,5
balance;3,0
balken;2,1
balkon;2,1
ball;3,2
ballast;2,9
ballon;2,3
balsam;1,3
baltikum;2,1
banane;2,0
bandit;2,6
bank;2,3
bankrott;2,8
banner;2,8
bar;3,2
barbar;3,8
bargeld;2,9
barriere;3,3
barsch;2,9
basis;1,7
bastard;3,8
batterie;1,9
bauen;2,3
bauer;1,8
baum;1,5
bazille;3,5
beachten;2,9
beamte;2,3
beantragen;2,7
beben;4,0
becher;1,7
bedarf;2,4
bedauern;2,5
bedenken;2,7
bedeuten;2,6
bedeutung;2,9
bedienen;2,2
bedingung;2,6
bedrohen;4,0
bedürfen;2,3
bedürfnis;3,5
beenden;2,7
befallen;3,3
befangen;2,6
befehl;3,8
befinden;2,3
befreien;3,2
befreier;2,8
befreiung;3,4
befugnis;2,8
befund;2,9
befürchten;3,1
begabung;2,6
begegnen;3,1
begegnung;2,8
begeistern;3,5
begierde;3,7
beginn;2,8
begleiten;2,8
begnadet;2,4
begraben;3,6
begreifen;2,9
begründen;2,5
begrüßen;2,4
behandeln;2,4
behandlung;2,8
behaupten;2,4
behörde;3,1
behutsam;1,7
beichte;2,8
beifall;2,9
beihilfe;3,2
beil;3,6
beileid;3,2
beispiel;1,9
beitragen;2,3
bejubeln;3,0
bekennen;2,8
bekommen;2,1
belastung;3,6
beleg;1,9
belegen;2,3
beliebt;2,9
belohnen;2,5
beneiden;3,3
bengel;3,3
benötigen;2,3
benzin;2,9
bequem;1,9
beraten;2,4
beratung;2,4
berauben;3,7
bereich;1,8
bereiten;1,9
bereuen;2,8
bericht;2,3
berichten;2,0
beruf;2,7
berühren;2,9
beseitigen;2,5
besen;2,1
besetzen;2,7
besorgt;3,2
bestätigen;2,2
besteck;2,0
bestehen;2,8
bestellen;1,9
bestie;4,5
bestimmen;2,5
bestimmung;3,0
bestreiten;2,7
besuch;2,7
besuchen;2,8
besucher;2,0
beteiligen;2,4
betonen;2,3
betrachten;2,1
betrag;2,4
betragen;1,9
betreffen;2,4
betrieb;2,1
betrug;3,8
bett;2,2
betteln;3,1
beule;3,2
beutel;1,4
bewahren;2,4
bewähren;2,3
bewegen;2,6
bewegung;3,3
beweis;2,4
beweisen;2,8
bewerber;2,6
bezahlen;2,5
bezeichnen;2,0
beziehung;3,7
bibel;2,9
biber;1,9
biene;2,4
bier;2,9
biest;4,1
bieten;2,2
bikini;3,4
bilanz;2,4
bild;1,9
bilden;2,8
bildung;2,6
billigen;2,2
binden;2,7
birke;1,4
birne;1,7
bischof;2,1
bitte;2,9
bitten;2,6
bitter;2,5
blamage;3,9
blase;2,2
blei;1,9
bleiben;1,8
blick;2,3
blitz;3,9
blondine;2,6
blume;1,7
bluse;2,4
blut;3,7
blüte;1,9
blutig;4,4
bluttat;4,3
boden;1,6
bodenlos;3,6
bogen;1,9
bohne;1,6
bohrer;3,2
bombe;4,0
bomber;4,3
bonbon;2,1
boot;2,8
börse;2,1
borste;2,8
boshaft;3,9
botschaft;3,3
brauchen;2,8
brause;2,4
braut;2,8
brechen;3,1
brennen;3,5
brezel;2,2
brief;2,2
brigade;2,7
brillant;3,2
brille;2,2
britisch;2,1
bronze;2,7
brot;2,0
brücke;2,1
bruder;2,2
brunnen;1,9
brust;2,8
brutal;4,5
buch;1,9
buche;1,4
buddha;2,3
bühne;2,8
bulle;2,8
bullig;3,8
bumerang;3,4
bündnis;2,4
bunker;3,5
bunt;2,2
burg;3,0
büro;2,2
bursche;2,2
bürste;2,1
busen;3,3
butter;1,8
cello;2,1
chance;3,2
chaos;4,0
charakter;3,4
charme;2,7
chef;3,1
christus;2,6
dachs;2,5
dackel;2,8
dame;2,3
dampfer;2,6
dank;2,3
danken;1,8
darlehen;2,8
darm;2,9
darstellen;2,5
dasein;2,5
datum;2,2
dauer;2,6
dauern;2,0
daumen;1,8
debatte;3,1
decke;1,6
deckel;1,9
defensiv;2,5
defizit;3,3
dekadent;2,3
delikt;3,4
delle;2,3
demokrat;2,6
demokratie;3,3
demut;3,0
denker;2,4
derb;2,6
dessert;2,2
detail;2,3
deutung;2,4
diagnose;3,6
dialekt;2,7
diamant;2,8
dichter;2,3
dieb;3,5
diele;1,9
dienen;2,5
diener;2,3
dienst;2,1
diffus;2,5
diktatur;4,3
dilemma;3,7
ding;1,6
diplom;3,5
diplomat;2,6
dirne;2,5
diskussion;3,4
distel;2,2
dogge;2,6
doktor;3,4
dokument;2,1
dolch;4,1
dominanz;3,5
donner;3,9
dose;2,0
dosis;3,2
dozent;2,6
drache;3,4
drama;3,9
drängen;3,9
dreck;3,5
drillen;3,2
dringen;2,8
droge;3,9
drohen;3,9
drohung;4,2
druck;3,6
drücken;2,7
duell;3,7
duft;2,4
duften;2,4
dummheit;3,0
durst;3,5
dusche;2,2
echse;2,7
effekt;3,3
egoismus;3,7
ehe;3,2
ehelos;2,5
ehre;3,1
ehrgeiz;3,6
ehrlich;2,1
ehrung;2,9
eiche;1,7
eid;3,5
eidechse;2,8
eifel;2,4
eifer;3,1
eifrig;2,9
eigelb;2,3
eigenart;2,5
eigentum;2,4
eimer;1,6
eindruck;2,2
einengen;3,5
einfall;3,1
einfalt;2,6
eingehen;2,2
einheit;2,2
einigung;2,0
einklang;1,5
einladen;2,5
einladung;2,6
einnahme;2,4
einsam;3,1
einsatz;2,8
einsetzen;2,7
einsicht;2,1
einstellen;2,2
einsturz;4,1
eintracht;1,8
eintreten;2,1
eintritt;2,8
eis;2,8
eitel;3,1
ekel;4,0
ekstase;4,5
elch;2,9
elefant;3,0
elend;4,1
embargo;3,2
emotion;3,1
empfangen;2,8
empfehlen;2,3
empfinden;2,3
ende;2,8
enden;2,8
endziel;3,8
energie;3,5
engel;2,2
enkel;2,3
entdecken;3,2
ente;2,4
entfallen;2,4
entfernen;2,9
entfernung;2,4
enthalten;2,2
entlassen;3,3
entsetzt;3,6
entstehen;2,1
entwurf;2,1
entziehen;1,9
entzug;3,4
erbe;2,8
erbeten;2,2
erbin;3,3
erbitten;2,7
erbse;1,6
erdbeben;4,5
erdbeere;2,8
erde;2,4
erfahren;2,7
erfahrung;3,4
erfassen;2,4
erfinder;2,7
erfolg;3,3
erfolgen;2,5
erfordern;2,0
erfüllen;2,9
erfüllung;2,3
ergänzen;2,2
ergeben;2,5
ergebnis;2,8
ergreifen;2,4
erhalten;2,1
erheben;2,1
erholung;1,3
erinnern;3,0
erinnerung;2,9
erkennen;2,8
erkenntnis;3,4
erlauben;1,9
erleben;3,1
erlebnis;2,8
erledigen;3,0
erleiden;3,7
ermitteln;2,5
ernte;2,0
erotik;4,4
erreger;3,9
erreichen;2,5
errichten;2,2
errichtung;2,0
ersaufen;3,4
ersetzen;2,2
erteilen;1,8
ertrag;2,3
erwarten;2,7
erwartung;3,4
erweitern;1,9
erwerb;2,7
erwerben;2,3
erzählen;2,8
erzeugen;2,6
erzeuger;3,1
erzeugnis;2,4
erzfeind;3,7
erzielen;2,5
esel;2,7
essen;3,5
essig;2,6
ethik;3,2
eule;2,1
euphorie;3,8
euter;2,4
ewigkeit;2,2
existenz;3,2
fabel;2,1
fabrik;2,3
fächer;2,1
faden;1,8
fähigkeit;3,0
fahndung;3,3
fahne;2,0
fahren;2,6
fahrer;2,5
fahrrad;3,0
fahrt;2,4
fall;2,8
falle;4,0
fallen;2,6
fällen;2,1
falte;2,0
familie;2,3
fangen;3,0
fantasie;2,9
farbe;2,2
fasan;2,1
fasching;2,8
faschismus;4,0
fassade;2,2
fassen;2,1
faust;3,2
feder;1,7
fee;2,4
fehde;3,2
fehlen;2,9
fehler;3,2
feier;3,4
feiern;3,3
feiertag;1,9
feigling;3,4
feile;2,4
feind;4,2
fenster;1,9
ferien;2,3
fernrohr;2,4
fernsehen;2,3
ferse;2,1
fessel;4,1
fest;2,9
festlegen;2,4
festtag;2,8
festung;3,4
fett;3,5
feucht;3,5
feuer;3,7
feurig;4,2
fibel;1,9
fichte;1,8
fieber;3,7
figur;2,5
film;2,6
filmstar;3,1
filter;2,2
finale;3,5
finden;2,5
finder;1,9
finger;2,1
firma;2,4
fisch;2,4
flagge;2,5
flamingo;2,7
flamme;3,3
flasche;2,0
flaute;2,1
flegel;2,4
fleisch;3,1
flexibel;2,4
fliege;2,2
fliegen;3,5
fließen;2,0
flirt;4,4
floß;3,0
flöte;2,3
fluch;3,7
flucht;3,9
flüchtling;3,2
flughafen;3,5
flugzeug;3,3
flut;3,6
fohlen;2,4
föhn;2,3
folge;2,6
folter;4,7
foltern;4,4
fordern;2,7
fördern;2,1
forderung;3,0
förderung;2,5
form;2,2
forsch;3,3
forscher;2,7
forschung;2,8
fortsetzen;2,3
fortuna;2,7
foto;3,3
fracht;2,6
frage;2,3
fragen;2,4
fraktion;2,3
frau;2,5
fräulein;3,0
fraulich;2,5
freier;3,4
freiheit;4,0
freitod;3,8
freizeit;2,9
freude;3,4
freudig;2,9
freudlos;2,4
freuen;3,1
freund;2,1
frevel;3,4
friede;1,4
frieden;1,6
friedhof;3,2
frist;3,2
frisur;2,7
froh;2,3
fromm;2,3
front;3,5
frosch;2,8
frühjahr;2,4
fuchs;3,5
fühlen;3,5
führer;3,9
führung;2,4
füllen;2,1
füller;2,3
fund;2,7
funke;3,1
funktionär;2,2
furcht;4,4
fürchten;3,9
fusion;2,6
futter;2,4
gabel;2,1
galgen;4,1
galle;2,8
ganove;3,7
gans;2,9
garaus;3,3
garten;1,6
gas;3,4
gast;2,3
gatte;3,0
gauner;3,6
gebein;2,7
gebet;2,7
gebiet;2,3
gebot;2,8
geburt;4,2
geburtstag;3,1
gedanke;2,6
gedenken;2,7
gedicht;2,9
geduld;1,8
gefahr;4,4
gefährden;3,9
gefallen;2,4
gefängnis;3,1
gefühl;3,1
gegend;1,9
gegensatz;3,1
gegenteil;2,8
gegner;3,6
gehalt;2,8
geheim;3,2
geheimnis;3,8
gehen;2,3
geheul;3,7
gehirn;3,3
gehören;2,2
geier;3,2
geige;2,6
geisel;4,4
geist;2,8
geiz;3,6
gejammer;3,2
gekicher;3,1
gelaunt;2,6
geld;2,9
geldgier;3,8
gelenk;2,3
geliebte;3,8
gelingen;2,6
gelten;2,1
gemein;3,9
gemeinde;2,1
gemetzel;4,3
gemse;1,9
gemüse;1,8
general;2,8
genial;3,5
genie;3,7
genießen;2,1
genosse;2,8
gerede;3,1
gericht;3,4
geruch;2,7
gesang;2,1
geschehen;2,5
geschenk;3,5
geschichte;2,7
geschrei;3,9
gesetz;2,7
gesicht;2,7
gesindel;3,1
gespräch;2,7
gestalten;2,1
gestaltung;2,5
gestank;3,6
geste;2,1
gestehen;3,1
gesund;1,6
gesundheit;2,2
gewalt;4,4
geweih;2,6
gewicht;3,3
gewinn;3,9
gewinnen;3,2
gewissen;3,3
gewitter;3,6
ghetto;4,1
giebel;2,2
gierig;3,9
gift;4,0
giftgas;4,2
gigant;3,8
giraffe;2,8
girlande;2,9
gitarre;3,0
gitter;2,6
glanz;2,6
glas;1,8
glaube;3,1
glauben;2,6
globus;2,3
glocke;2,4
glück;2,9
glut;3,1
gnade;2,3
gold;2,5
gott;2,5
grab;3,8
granate;4,1
grandios;3,4
gras;1,6
gratis;2,6
grausam;3,9
greifen;2,1
grenze;3,0
greuel;3,9
grinsen;3,2
großmacht;3,7
grube;2,5
grund;2,3
gründen;2,3
grundlage;2,2
grundstück;2,0
gründung;2,5
gruppe;2,4
gruselig;3,7
gruß;1,7
gummi;2,3
gurgel;2,7
gurke;1,6
gurt;2,0
gürtel;2,2
gutartig;1,9
guttun;1,6
habgier;3,7
hafen;2,0
hafer;1,5
haftung;2,8
hagel;3,0
hahn;2,2
hai;3,3
halbtot;2,8
halle;2,1
halunke;3,5
hammer;3,0
hamster;2,4
hand;1,8
handikap;3,1
hanf;2,3
hängen;2,5
hantel;2,5
harfe;1,5
harmonie;1,8
hase;2,8
hassen;4,4
haube;2,2
haus;1,8
hausfrau;2,3
haushalt;2,1
haustier;2,2
hebel;2,3
heben;2,1
hefe;1,8
hehlerei;3,4
heide;1,6
heilfroh;2,3
heilung;2,4
heimat;1,8
heimkehr;2,7
heirat;3,3
heiraten;3,8
heißen;2,1
heiter;2,7
heizung;1,8
held;3,5
helfen;3,1
helfer;2,4
hemd;2,0
hemmnis;3,0
henker;4,2
henne;2,1
herbst;1,7
herd;2,6
herde;2,4
hering;2,2
heroisch;2,9
herr;2,6
herrschaft;3,2
herrschen;3,3
herstellen;2,1
herz;3,3
herzlos;2,3
hetzen;3,9
hetzer;3,8
heucheln;3,9
heulen;3,9
hexe;3,1
hilfe;3,0
hilflos;4,0
himbeere;2,5
himmel;1,7
hinweis;2,5
hirsch;2,9
hirse;1,6
hirte;2,2
hitze;3,8
hobby;2,9
hobel;2,1
hochmut;3,3
hochschule;3,4
hochzeit;3,5
hocker;2,0
hoffen;2,4
hoffnung;2,6
höhe;3,3
höhepunkt;4,1
holen;2,0
honig;1,6
horde;3,2
hormon;3,3
hornisse;3,7
horoskop;2,9
horror;4,4
hose;2,0
hotel;2,5
huhn;2,4
human;2,1
hummer;2,6
humor;3,8
humorlos;2,3
hunger;3,6
hupe;3,5
hure;3,8
hypnose;3,2
hypothek;3,1
ideell;2,5
idiot;3,2
idylle;1,8
igel;2,6
iglu;2,7
illegal;3,5
imker;2,2
impfung;2,8
import;1,8
impuls;3,6
industrie;2,5
inferno;4,3
inhalt;2,3
initiative;3,3
insekt;3,0
insel;2,2
instinkt;3,5
instrument;3,3
intensiv;3,9
interesse;3,2
intim;3,8
intrige;3,9
irre;3,8
irrlehre;3,3
irrsinn;4,1
irrtum;3,2
islam;3,1
jacke;2,2
japan;2,1
jauche;3,2
jawort;2,8
jazz;3,6
job;3,5
jubel;3,6
jugend;3,3
junge;2,8
jungfrau;2,3
justiz;3,3
juwel;2,8
kabel;2,3
käfer;2,9
kaffee;2,3
käfig;3,3
kakao;1,5
kaktee;2,4
kaktus;2,4
kalorie;2,8
kamel;2,3
kamera;3,0
kamerad;2,4
kamin;1,5
kamm;1,9
kammer;2,1
kampf;4,0
kämpfen;3,8
kampflos;2,3
kanal;2,2
kandidatur;2,8
känguruh;3,0
kanne;1,7
kanon;2,0
kanone;3,9
kante;2,6
kanzel;1,9
kanzler;2,4
kappe;2,1
karaffe;2,0
kargheit;2,6
karriere;3,2
karte;2,4
kartei;2,0
karton;1,8
käse;2,3
kasino;2,5
kasperl;2,8
kasse;2,3
kassette;2,1
kastanie;2,1
kater;2,6
katze;2,1
kauf;3,0
kaufen;3,2
kegel;2,0
kehle;3,2
kehren;2,2
keks;2,4
keller;2,7
kennen;2,4
kenntnis;2,2
kerbe;2,6
kerker;4,1
kerze;1,6
kette;2,8
ketzer;3,8
keule;2,9
kichern;3,0
kiefer;1,8
kiesel;1,6
killer;4,3
kind;2,4
kiosk;2,0
kirche;2,3
kirsche;2,7
kissen;1,6
kiste;1,9
kitsch;2,5
klage;3,5
klang;1,6
klären;2,8
klarheit;2,2
klasse;2,7
klassik;3,1
klaue;3,5
klauen;3,6
klavier;2,4
klee;1,4
klette;2,3
klient;2,8
klima;2,2
klinge;3,7
klingel;2,7
klinik;3,3
klinke;1,9
klippe;3,4
klischee;3,4
kloster;1,8
klugheit;2,8
knabe;2,2
knausern;2,1
knebel;4,0
knebeln;3,7
kneipe;2,4
knochen;3,0
knospe;2,2
koalition;2,3
kobold;2,5
kobra;3,6
koffer;2,3
kohle;2,6
kohlrabi;2,1
kollaps;4,2
kollege;2,6
kollektiv;2,9
komet;3,4
komfort;1,8
komik;3,1
komisch;2,6
komitee;2,7
komma;1,9
kommen;2,6
kommission;2,1
kommode;1,8
kommunist;2,9
kompass;2,6
komplize;3,4
komplott;3,7
kondom;3,5
konflikt;3,7
konkurrenz;3,3
konkurs;3,3
können;2,7
konsequenz;3,5
kontakt;2,8
konto;3,3
kontrolle;2,7
konzert;2,5
kopflos;3,1
kopie;1,9
koran;3,0
korb;1,9
korrupt;3,4
kosmetik;2,2
kosten;3,0
kraft;3,0
kraftlos;2,7
kralle;2,7
krank;3,4
krankheit;3,8
kranz;2,2
krawatte;2,3
kreativ;2,9
kredit;3,3
kreide;2,1
kreis;1,9
kreisel;2,9
kreuz;2,4
krieg;4,6
kriegen;3,2
krimi;3,3
krise;3,6
kritik;3,4
krokodil;4,0
krokus;1,9
krone;2,6
krücke;3,5
kruzifix;2,8
kuchen;2,0
kugel;2,0
kuhle;1,8
küken;3,1
kult;2,8
kultur;2,4
kummer;3,7
kümmern;1,9
kumpan;2,1
kunde;2,3
kündigen;2,9
kunst;2,4
künstler;2,9
kupfer;1,9
kuppe;2,2
kürbis;2,4
kurort;2,2
kurve;2,8
küssen;3,2
küste;1,8
kutsche;2,5
labil;3,1
labor;2,6
lächeln;2,4
lachen;2,8
ladung;2,8
lage;1,8
lager;2,1
laken;1,9
lampe;2,1
landschaft;2,8
lanze;2,6
larve;2,7
last;3,4
laster;3,2
latein;2,3
laterne;2,2
laube;1,8
lauer;2,5
laufbahn;2,3
laufen;2,0
lauge;2,4
laune;3,2
launisch;3,2
laut;3,5
lawine;4,1
leben;2,7
lebendig;3,1
leblos;3,5
leder;2,2
leere;2,4
legen;1,8
lehre;2,8
lehrer;2,4
lehrerin;2,7
lehrhaft;2,4
lehrjahr;2,3
lehrling;2,8
lehrzeit;2,4
leib;2,8
leiche;4,1
leichnam;3,9
leichte;2,1
leid;4,2
leiden;3,8
leiern;1,9
leim;2,1
leine;2,5
leinwand;1,9
leisten;2,4
leistung;3,1
leitbild;2,4
leiter;2,3
leittier;2,4
lektion;2,9
lende;2,5
lenkbar;2,6
lenken;2,3
lenker;2,0
lenkrad;2,1
lenkung;2,4
lenz;1,9
leopard;3,3
lepra;4,0
lerche;1,7
lernbar;2,0
lernen;2,5
lesebuch;2,7
leser;2,1
lesesaal;1,3
lesung;2,0
letzte;3,2
leuchte;2,4
leuchten;2,5
leugnen;3,5
leugnung;3,3
leumund;1,7
leute;2,9
lexikon;2,6
liaison;3,2
libelle;1,9
liberal;2,2
licht;2,6
lichtung;2,1
lid;1,8
lieb;2,2
liebe;3,6
liebelei;3,9
lieben;3,7
lieblos;3,3
liebreiz;3,1
lied;1,9
liefern;2,1
liege;1,5
liegen;2,2
lift;2,6
lilie;1,6
limit;3,1
limonade;1,7
linde;1,4
lindern;1,7
lineal;2,1
linie;1,8
linse;1,9
lippe;2,3
liquide;1,9
list;3,3
liste;2,4
listig;3,2
litanei;2,5
liter;1,9
literatur;3,0
lizenz;2,8
lob;2,7
lobby;2,5
loben;2,3
loblied;2,2
loch;2,4
locher;1,8
locken;2,9
lodern;3,1
löffel;2,1
logik;2,4
logisch;1,8
lohn;2,7
lorbeer;2,1
lösen;2,6
lossagen;2,2
losung;2,8
lösung;2,4
lotse;2,2
lotterie;3,2
lotto;2,5
lotus;1,9
löwe;4,1
loyal;2,1
luder;3,8
luft;2,2
luftloch;3,0
luftraum;2,1
lug;2,4
lüge;4,1
lukrativ;2,5
lump;2,9
lunge;2,8
lupe;2,3
lust;3,7
lustlos;2,3
lutschen;2,4
lutscher;2,6
luxus;2,9
lynchen;4,2
lyrik;3,2
machen;2,5
macher;3,0
macht;4,2
machtlos;3,0
mädchen;2,7
madeira;2,6
madonna;2,6
mafia;4,2
magazin;2,4
magd;2,8
magen;2,4
mager;3,3
magie;3,2
magier;3,4
magisch;2,8
magma;3,1
magnet;2,2
mahl;2,1
mahlzeit;2,1
mahnen;3,1
mahnmal;3,5
mahnung;3,9
mai;2,4
maibaum;2,1
mais;2,2
makaber;2,9
makel;2,8
makellos;2,8
makler;2,2
malaria;4,0
maler;2,1
malerei;2,1
mama;2,4
manager;2,8
manege;2,4
mangel;3,1
mango;2,4
manie;3,8
manko;2,8
mann;2,4
mannschaft;2,5
mantel;1,9
manuell;2,1
mappe;2,1
markant;3,1
marke;2,2
markt;2,4
marotte;2,6
marter;3,4
martern;3,8
marxist;2,5
masche;2,1
maske;3,4
massage;1,6
massaker;4,6
masse;2,2
massiv;3,2
maßnahme;2,4
matratze;2,4
matt;1,6
matte;1,7
mauer;2,8
maul;2,9
maulen;3,2
maulkorb;3,5
maus;3,3
mausgrau;1,7
maximal;2,6
maximum;3,2
mechanik;2,3
medaille;2,9
medizin;2,8
meer;2,7
mehrheit;2,5
meiden;3,0
meineid;3,4
meinen;2,3
meinung;2,7
meise;1,9
meister;2,8
meistern;2,9
melden;2,3
melodie;2,2
melodram;3,6
melone;2,3
menge;2,7
mensa;2,0
mensch;2,7
menschheit;3,2
mentor;1,9
mephisto;3,5
merkmal;2,5
messer;3,5
metall;2,7
meter;2,2
metzger;3,3
meute;3,4
meuterei;3,6
meutern;3,8
mickrig;2,2
miene;2,9
mies;3,6
miete;2,5
mieten;2,5
mieter;2,4
mietzins;2,8
mikado;2,6
mikrofon;2,8
milch;1,7
milchbar;1,8
mild;1,6
milieu;2,5
militant;3,6
miliz;3,7
million;3,3
mimik;3,3
mimose;2,5
minder;1,9
mine;3,1
minigolf;1,8
minimal;2,4
minimum;2,3
minirock;2,9
minister;2,3
minus;3,1
minute;2,3
mirakel;2,8
mischehe;2,8
missetat;3,2
mission;2,6
mist;3,2
mitgeben;1,8
mitgift;2,9
mitglied;2,2
mitleid;3,0
mittag;1,8
mitte;2,1
mittel;2,6
mode;3,1
moder;2,9
modern;2,8
mogeln;3,1
mögen;3,2
mohn;2,1
mohr;2,3
möhre;1,7
mokka;2,4
molch;2,3
moll;2,3
mollig;2,6
monarch;2,6
monat;2,1
mond;1,8
mondlos;1,4
monogam;2,0
monolog;2,1
monopol;2,9
monoton;1,8
monstrum;4,4
moor;2,8
moorbad;1,9
moos;1,9
moped;2,6
moral;2,6
moralist;2,7
morast;2,8
mord;4,4
morden;4,4
mordfall;4,2
mordtat;4,3
morphem;2,0
morsch;2,9
mörser;2,3
moskito;3,4
motiv;2,6
motor;2,8
motorrad;2,9
motte;3,1
motto;2,2
möwe;2,9
muffig;1,7
mühe;2,9
mumie;2,8
mundraub;3,4
munition;3,6
munkeln;2,6
munter;3,2
murmel;1,5
murren;2,1
muschel;2,2
musical;2,6
musik;1,9
musikbox;2,8
musiker;2,2
muskel;2,9
müssen;2,8
mustern;2,9
mut;3,7
mutation;3,5
mutig;3,3
mutlos;2,0
mutter;2,7
mutti;1,8
mystik;3,2
mystisch;2,3
mythos;3,0
nabel;2,3
nachbar;2,4
nachfolger;2,4
nachmittag;2,2
nachrede;3,2
nachricht;3,1
nachruf;2,6
nacht;2,9
nachteil;3,2
nachweisen;2,7
nackt;3,8
nadel;2,9
nagel;2,7
nah;2,5
nähe;2,3
nahrung;2,2
naiv;2,3
name;2,2
namenlos;1,8
namhaft;2,5
narbe;3,4
narbig;2,5
narkose;3,6
narr;2,7
naschen;2,7
nase;2,3
national;2,5
natter;3,7
natur;1,9
nazi;4,7
nazizeit;4,4
nebel;2,7
neblig;2,5
necken;2,8
neffe;2,2
negation;2,7
negativ;3,6
neger;3,5
negerin;3,4
nehmen;2,0
neid;3,6
neidisch;3,8
neidlos;1,5
neige;2,1
neigen;1,9
neigung;2,4
nein;3,3
nelke;1,8
nennen;2,0
nett;2,1
neubau;2,3
neugier;3,6
neurose;3,9
nichte;2,0
nicken;2,0
niederlage;3,7
niedlich;1,8
niemand;1,8
niere;2,7
niete;2,8
nikotin;3,2
niveau;2,1
nonne;2,3
not;3,9
notar;2,3
note;2,8
notfall;4,5
notiz;2,1
notwehr;3,8
november;2,2
nuckel;2,1
nudel;1,6
nuklear;4,0
nutzen;2,3
oase;1,7
obhut;2,1
objekt;2,3
obst;2,1
ochse;2,5
ofen;2,2
offizier;2,9
öffnen;2,2
ohnmacht;3,4
ohrfeige;4,3
omen;3,3
onkel;2,4
oper;3,1
opfer;3,9
opfern;3,3
opium;3,0
opposition;3,4
optik;2,3
optimal;2,7
optimist;2,8
orakel;2,8
orchidee;2,1
orden;2,4
ordner;2,1
ordnung;2,9
organ;2,7
orgel;2,5
orgie;4,2
orkan;4,2
osten;2,4
osterei;2,0
ostern;2,1
ozean;2,7
paar;1,9
paddel;2,6
paket;2,7
pakt;3,6
palast;2,6
palme;1,8
panda;2,6
panik;4,6
panisch;4,2
panne;3,6
panorama;1,9
panther;3,2
panzer;4,2
papa;2,5
papagei;3,2
pappe;1,9
paprika;1,9
papst;2,8
paradies;2,3
paradox;2,9
parasit;3,8
parfum;3,0
parfüm;3,0
paris;2,6
park;1,8
parlament;2,8
parole;3,1
partei;2,6
partisan;2,7
partner;2,5
party;3,7
passion;3,1
passiv;1,5
paste;1,9
pastor;2,2
pater;2,2
patient;2,8
pause;1,4
pech;3,3
pedal;2,3
pedant;3,4
pegel;2,5
pein;3,7
peiniger;4,1
peinlich;3,7
peitsche;3,7
pelz;2,6
pendel;1,9
pensum;2,7
perfekt;3,2
perle;2,4
perser;2,7
person;2,1
pervers;3,6
pest;4,0
pfaffe;2,3
pfanne;1,8
pfarrer;2,4
pfau;2,6
pfeife;2,5
pfeil;3,1
pferd;3,1
pfiffig;2,4
pflaster;2,9
pflege;2,0
pflegen;2,7
pflicht;2,8
pfote;2,7
phase;2,4
phonem;2,1
photo;2,5
pilger;2,3
pille;3,5
pilot;2,6
pilz;2,7
pinsel;2,0
pinzette;2,4
piranha;4,0
pirat;3,9
piste;2,6
pistole;3,9
pizzeria;2,5
plage;3,3
plagen;3,3
plagiat;2,5
plakat;2,5
plan;2,6
planet;2,4
planlos;2,5
plantage;2,3
planvoll;2,2
plappern;3,2
platin;2,5
platte;2,4
platz;2,1
platzen;3,6
plaudern;2,2
pleite;3,7
po;3,7
pochen;2,6
poesie;2,3
pointe;3,2
pokal;2,7
poker;3,2
politik;3,0
polizei;3,2
polizist;3,6
polygam;2,2
pony;2,8
porree;1,9
portal;2,1
porto;1,8
portwein;2,2
positiv;2,6
potenz;3,6
pracht;3,2
prahlen;3,3
praline;2,4
pranger;3,9
pranke;2,7
präsident;3,0
präsidium;2,2
prater;2,5
predigen;2,5
preis;2,6
prellung;3,3
premiere;3,2
presse;3,2
prima;2,6
primitiv;2,4
prinzessin;3,5
privileg;3,0
probe;2,4
problem;3,2
produktion;2,4
professor;2,6
profi;3,0
profil;2,7
profit;3,1
prognose;2,9
programm;2,4
promille;3,4
prosten;2,7
protest;3,7
protzen;3,5
prozent;2,3
prunk;2,1
psyche;3,3
psychose;4,7
pudel;1,8
puder;1,9
pullover;1,8
pulver;2,8
pumpe;2,2
punkt;1,9
puppe;2,0
purpur;2,7
puste;2,8
putzen;2,2
putzig;2,2
quader;1,9
qual;4,1
qualität;2,3
quelle;2,1
quote;2,1
rabatt;2,2
rabe;3,1
rache;4,2
rachen;2,2
radar;2,9
radau;3,6
radikale;3,8
rahmen;1,8
rakete;3,5
rampe;2,7
ramsch;2,1
rasierer;2,3
rasse;3,4
rast;1,9
rasthaus;2,2
rastlos;3,2
ratlos;2,9
ratte;2,7
raub;3,9
raubtier;3,9
rauchen;3,2
raucher;2,9
raum;2,1
raupe;2,2
rausch;3,5
razzia;3,7
realität;2,8
rebell;4,0
rechen;2,7
rechnen;2,6
rechnung;3,1
rede;2,6
redner;2,4
redselig;2,5
referat;3,3
reform;3,0
regal;2,0
regel;2,5
regen;2,1
regent;2,9
regentag;3,3
regieren;2,9
regierung;2,8
regler;2,4
reglos;2,2
regnen;1,7
regung;3,0
reiberei;3,5
reich;3,0
reichen;1,8
reichtum;3,4
reife;1,7
reigen;2,1
reihe;1,9
reiher;2,1
reinfall;3,3
reinheit;2,1
reise;3,3
reisen;3,1
reißen;2,1
reiter;2,6
reiz;3,4
reizen;3,8
reizvoll;3,3
rekord;3,5
rekrut;2,4
rektor;2,7
religion;2,4
rennen;2,7
renner;2,3
rente;2,4
republik;2,4
retten;3,6
retter;3,6
reue;2,9
revier;2,6
revolution;4,0
revolver;4,1
rheuma;3,0
richten;2,8
richter;3,5
riese;3,1
rinde;1,9
ring;2,8
riskant;3,7
ritter;3,0
ritze;2,5
rivale;4,1
rivalin;3,9
robbe;1,9
robust;2,5
rock;2,8
roggen;1,8
rolle;2,1
roman;1,9
romanze;3,6
rose;1,8
rosten;2,6
rotwein;2,5
rubin;2,6
rückkehr;3,1
rücklage;2,1
rücksicht;2,7
rudel;2,3
ruder;2,4
rufen;2,7
ruhe;1,7
ruhelos;2,6
ruhig;1,6
ruhm;2,9
ruhmlos;2,1
ruin;4,1
ruine;2,6
rummel;3,4
rumoren;2,7
runde;1,8
russe;3,1
rüssel;2,4
rutsche;3,3
rutschig;3,1
sabbern;2,7
sabotage;3,7
saboteur;4,1
sache;2,2
sachlich;1,5
sadismus;4,1
safari;3,2
saftig;2,5
säge;3,0
sagen;2,2
sahne;2,0
salat;1,7
salbe;2,2
salzig;3,0
samstag;2,3
sand;1,7
sandale;2,1
sandwich;2,2
sanft;1,8
sanktion;3,2
saphir;3,1
sarg;4,0
satan;4,3
satire;3,4
satt;2,1
satz;1,9
sauber;2,1
sauer;3,5
saufen;2,9
sauna;2,0
saxophon;2,9
schabe;3,3
schaden;3,4
schaf;1,7
schaffen;2,8
schaffung;2,5
schal;2,0
schale;1,5
scham;3,7
schande;3,8
scharf;4,1
schatten;2,4
schattig;2,0
schatz;3,5
schätzen;2,1
schauder;4,1
schauer;2,7
schaukel;2,9
schaurig;3,7
scheich;2,4
scheiden;3,2
scheitern;3,7
schelm;2,5
schelte;3,4
schenken;3,0
schere;2,5
scherz;3,3
scherzen;2,8
scheu;1,9
scheusal;3,7
schicksal;3,0
schieben;2,2
schielen;2,1
schießen;3,9
schiff;2,6
schikane;4,1
schildern;2,2
schiller;2,6
schimmel;3,3
schimmer;2,4
schimpf;3,2
schinden;3,2
schirm;2,4
schlacht;3,9
schlaf;1,1
schlafen;1,6
schlaff;2,3
schlag;3,6
schlagen;3,9
schlager;2,4
schlampe;4,1
schlapp;1,7
schlau;2,7
schlecht;3,8
schleim;3,5
schlicht;1,7
schließen;2,3
schlimm;3,7
schlinge;3,0
schloss;2,7
schlucht;3,6
schmerz;4,2
schminke;2,4
schmuck;2,6
schmutz;2,9
schnaps;2,9
schnecke;2,2
schnee;2,1
schock;4,3
schocken;4,0
schonung;1,7
schrank;1,8
schraube;1,9
schreck;4,2
schrei;4,4
schreiben;2,6
schreien;3,7
schrill;3,5
schritt;2,3
schroff;3,3
schrott;3,0
schuft;3,5
schuften;3,5
schuh;2,1
schuld;3,6
schulden;3,5
schule;2,7
schurke;3,3
schürze;2,1
schutt;2,8
schütteln;3,2
schutz;1,9
schützen;2,5
schwach;2,6
schwäche;2,9
schwamm;2,0
schwan;2,3
schwarz;1,9
schweben;2,2
schweigen;1,7
schwein;2,8
schwert;3,6
schwester;1,9
schwur;3,4
see;2,1
seekrank;3,3
seele;2,4
seenot;4,1
seereise;2,6
seerose;1,3
segel;1,9
segeln;1,8
segen;1,6
segnen;1,9
sehen;2,3
seher;2,8
sehne;2,4
sehnen;3,3
seide;1,5
seife;1,5
seil;2,2
seite;1,9
sekt;2,5
sekte;4,3
seltsam;2,4
senat;2,5
senken;2,0
sense;2,4
sensibel;2,4
serbe;3,2
sessel;1,8
setzen;2,0
seuche;4,3
seufzen;2,5
sex;4,3
sichel;2,5
sicherheit;2,9
sichern;2,5
sicherung;2,5
sieb;1,8
sieben;2,2
sieg;3,7
siegel;2,5
siegen;3,5
sieger;3,8
siesta;1,5
silbe;1,7
silber;2,5
silbern;2,4
simpel;2,3
sinfonie;2,2
singen;3,5
sinken;3,3
sinn;2,2
sinnlich;3,2
sinnvoll;1,9
sintflut;4,0
sippe;2,4
sirup;2,3
sitte;2,6
sittsam;1,9
situation;2,8
situiert;1,9
sitzen;2,0
sitzung;2,1
skalpell;3,7
skandal;3,5
skat;2,0
skelett;3,3
skepsis;3,2
sklave;4,3
sklavin;3,9
skorpion;3,2
skrupel;3,3
smaragd;2,9
snob;3,1
sodom;3,5
sofa;1,6
sohle;1,8
sohn;2,0
soldat;3,9
solist;2,5
sollen;3,0
sommer;2,2
sonnabend;2,9
sonne;2,9
sonnen;1,6
sonnig;2,4
sonntag;1,9
sorge;3,3
sorgen;3,1
sorgfalt;2,2
sorglos;2,5
sorte;2,0
souvenir;1,9
sozialist;3,1
spalten;2,8
spannend;3,8
spannung;3,3
sparen;2,3
spargel;2,4
sparsam;2,7
spaß;3,6
spende;2,9
spenden;2,2
spesen;2,7
spezial;1,9
speziell;2,6
spicken;3,0
spiegel;2,4
spiel;2,4
spielen;3,1
spinne;3,6
spinnen;2,9
spinner;3,4
spion;3,7
spionage;3,4
spitzel;4,0
spontan;3,3
sport;3,1
spott;3,6
sprache;2,6
sprechen;2,5
sprengen;3,7
spritze;3,4
spritzig;3,1
sprung;3,3
spucken;2,9
spuk;2,8
spuken;3,2
spule;2,1
spüren;2,5
spurlos;3,1
staat;2,9
stabil;1,8
stachlig;2,9
stamm;1,7
stammeln;3,2
stapeln;2,3
stark;3,6
stärke;3,0
stärken;2,2
starr;2,3
starre;3,2
starren;2,9
stau;3,3
staub;2,1
stauchen;2,3
staunen;3,1
steak;2,7
stechen;3,6
steg;2,3
stehen;2,1
stehlen;3,6
steif;2,6
steigen;2,0
steigern;2,8
steigerung;2,9
steil;3,4
stein;2,0
stelle;2,2
stellen;1,9
stelze;2,6
stempel;2,0
sterben;4,1
stereo;2,7
steril;2,4
stern;2,4
steuer;2,8
stich;3,6
sticheln;2,8
stiefel;2,2
stier;3,4
still;1,3
stilvoll;2,9
stimmung;2,6
stinken;3,4
stoisch;2,4
stolpern;3,2
stolz;3,3
storch;2,5
stören;3,4
stoßen;1,9
stottern;2,8
strafbar;3,7
strafe;3,8
strafen;3,4
straftat;4,0
strahlen;2,6
strand;1,7
strapaze;3,5
straße;2,2
strauß;2,4
strebsam;2,2
streich;2,9
streichen;2,3
streik;3,8
streit;4,0
streng;3,5
strumpf;1,6
stube;1,9
studieren;2,8
stufe;2,2
stuhl;1,8
stumm;1,5
stunde;2,1
stur;3,2
sturm;4,1
sturz;3,8
stürzen;3,4
stute;2,3
stützen;2,0
suche;3,2
suchen;2,8
sucht;4,0
sumpf;2,2
super;3,4
suppe;2,2
symptom;3,3
szene;3,8
tabak;2,7
tablett;1,9
tablette;2,7
tabu;3,5
tadel;3,5
tadellos;2,4
tadeln;3,6
tafel;1,9
tag;2,1
tagung;1,9
taifun;3,9
taktik;2,7
taktvoll;1,8
talent;3,0
taler;2,0
tampon;2,2
tandem;3,0
tanne;1,6
tante;1,9
tanzen;3,1
tapfer;3,1
tarif;2,4
tarnen;2,5
tarnung;3,2
tasche;2,3
tasse;1,8
taste;2,1
tat;3,0
tätigkeit;2,8
tatort;3,4
tatsache;2,5
taub;3,1
taube;1,9
tauchen;2,7
taufe;2,4
taumel;3,2
taumeln;2,9
teddy;1,9
teil;1,9
teilen;2,5
teilnahme;2,4
telefon;2,7
teller;1,6
tempel;2,2
tempo;3,5
tendenz;2,5
tenor;2,2
teppich;1,8
terror;4,5
test;3,0
testen;2,8
teuer;3,4
teufel;3,5
theater;3,7
theke;2,5
thema;2,2
therapie;3,1
thriller;3,7
thron;2,7
tiefe;3,3
tier;2,6
tiger;3,4
tinte;2,1
tisch;1,8
titel;1,9
toast;2,4
toaster;1,7
toben;3,6
tochter;2,3
tod;4,1
todfeind;4,5
toilette;2,4
tolerant;2,3
toleranz;2,6
toll;3,1
tomate;2,2
ton;2,5
tonfall;2,9
tonlos;1,6
tonne;2,2
topfit;3,6
torheit;3,1
torkeln;3,0
torpedo;3,5
torte;2,5
tortur;4,1
tot;4,2
tote;4,2
töten;4,4
tourist;2,2
toxisch;3,6
tracht;1,7
trachten;3,3
tradition;2,4
trage;2,6
tragen;1,9
tragik;3,7
tragisch;3,8
traktor;2,8
trampel;3,0
trance;2,6
träne;3,8
traube;1,6
trauer;3,6
trauern;3,1
traum;2,0
trauma;4,4
traurig;2,8
trauring;2,9
trauung;2,9
treffen;2,7
treffer;3,1
treiben;2,8
trend;2,7
trennen;3,6
trennung;4,3
treppe;2,4
tresor;2,9
treten;2,6
treu;2,3
treue;2,6
treulos;2,4
triangel;2,1
trieb;4,1
triefen;2,3
trinken;2,5
trist;2,7
tritt;2,8
triumph;3,9
trommel;3,2
tropen;2,8
tropfen;2,1
tropisch;2,9
trost;2,2
trostlos;3,3
trotz;3,0
trotzig;3,3
trug;2,8
truhe;2,1
trunken;2,9
truppe;3,3
tugend;2,4
tulpe;1,6
tumor;4,5
tumult;4,0
tunnel;2,2
turban;2,4
turm;2,6
tuscheln;3,0
typhus;3,4
tyrann;3,8
übel;3,6
übelkeit;3,2
üben;2,5
überfall;4,0
übergeben;2,2
übergehen;2,5
überlegen;2,1
übermut;3,7
übernahme;2,4
übersehen;1,8
überwinden;2,8
überzeugen;3,0
uferlos;2,7
uhr;1,8
umarmen;2,7
umbruch;3,5
umfang;2,4
umringen;2,8
umsatz;2,7
umsicht;1,8
umsonst;1,9
umsorgen;2,3
umsturz;3,1
umtrunk;2,8
umweg;3,1
unart;3,1
unbefugt;3,1
unbequem;3,1
undank;3,1
unding;2,8
unfair;2,9
unfall;4,2
unfriede;3,3
unfug;3,4
ungeahnt;2,8
ungeduld;3,4
ungeheuer;3,4
ungesund;2,4
ungnade;3,3
unheil;4,5
unkosten;3,0
unkraut;1,9
unlust;2,7
unmensch;3,9
unmut;3,1
unnahbar;1,9
unrat;2,6
unrecht;4,0
unruh;3,6
unruhe;3,4
unschuld;2,6
unsinn;3,4
untat;3,3
untergang;3,9
unterton;2,9
untier;3,5
untreue;4,3
unwesen;3,3
unwetter;3,8
urlaub;2,6
urlauber;2,4
urne;2,9
urteil;3,2
urwald;2,6
vampir;3,7
vanille;2,3
vater;2,7
vaterland;2,4
vehemenz;3,6
veilchen;2,0
ventil;2,6
venus;3,0
veranda;1,8
verändern;2,8
verarmen;3,7
verband;3,0
verbessern;2,9
verbieten;3,2
verbinden;2,5
verbot;3,3
verboten;3,5
verbrechen;3,6
verdacht;3,5
verdanken;2,6
verderb;3,5
verdienen;3,1
verdienst;3,1
verdreht;2,3
verehrer;3,9
verenden;3,7
verfahren;2,6
verfall;3,5
verfassung;3,0
verflixt;3,5
verfolgen;3,7
verfügen;2,4
verfügung;1,9
vergasen;4,0
vergeben;2,4
vergehen;3,1
vergessen;2,9
verhaften;4,1
verhältnis;3,1
verhindern;2,2
verirren;3,5
verkaufen;2,4
verkehr;3,2
verlangen;3,2
verlassen;3,2
verlaufen;3,0
verlegen;2,2
verleihen;2,1
verletzen;4,0
verletzt;3,9
verletzung;3,6
verlieren;3,0
verlies;3,4
verloben;2,4
verlogen;3,5
verlust;3,5
vermeiden;2,1
vermieten;2,5
vermögen;2,9
vermuten;2,3
vernichten;3,5
vernunft;2,6
verrat;4,0
verraten;3,9
verruf;3,6
versagen;3,5
versager;3,5
versehen;2,5
versetzen;2,6
versichern;1,9
versorgung;2,6
verstand;2,7
verstärken;2,6
versteck;3,1
verstehen;2,8
versuch;2,6
verteilen;1,9
vertrag;2,7
vertrauen;3,5
vertraut;1,6
vertreten;2,1
vertreter;2,1
verwaist;2,7
verwaltung;2,5
verwandeln;2,4
verwandt;1,9
verwegen;3,8
verweigern;3,0
verweint;2,6
verweis;3,0
verweisen;2,4
verwesen;3,1
verzehr;2,4
verzicht;2,9
verzichten;2,6
veto;2,7
villa;2,6
virus;4,1
visum;2,9
vital;2,9
vitamin;2,2
vogel;2,4
volk;2,3
vollmond;2,4
vollziehen;2,3
vorbau;2,4
vorbild;2,8
voreilig;2,8
vorfall;3,1
vorhaben;2,8
vorkommen;2,1
vorliebe;2,4
vormund;2,2
vornehm;2,3
vornehmen;2,5
vorrat;2,1
vorschlag;2,9
vorsicht;4,1
vorsorge;2,2
vorspiel;4,1
vorstand;2,1
vorstellen;2,5
vorteil;2,8
vortrag;2,3
vorwand;3,0
vorwurf;3,4
vorzug;2,5
vulkan;3,7
waage;2,2
wabe;2,4
wache;2,3
wachsam;3,4
wachsen;2,3
wachstum;2,6
waffe;4,2
waffel;2,3
wagemut;3,3
wagen;2,1
wagnis;3,9
wahl;2,8
wählen;2,6
wahllos;2,7
wahn;3,8
wahnsinn;4,1
wahren;2,0
wahrheit;3,0
waise;3,1
wald;2,2
walnuss;1,9
walzer;2,3
wand;1,9
wandern;2,3
wange;1,7
wanne;1,7
wanze;3,4
warm;2,2
warnen;4,0
warnung;3,6
warterei;2,8
warze;3,1
wasser;1,8
watte;1,7
weber;1,7
wecken;2,9
wecker;3,6
weg;2,7
wegjagen;4,1
wehklage;3,4
wehmut;3,5
wehr;2,4
wehren;3,8
wehrlos;3,9
weiblich;2,9
weich;1,4
weichen;2,0
weide;1,6
weigern;3,6
wein;2,3
weinen;3,8
weise;2,1
weisen;2,2
weisheit;2,2
weit;2,3
weite;2,2
welken;2,4
welle;3,1
welpe;2,0
welt;2,9
weltall;3,3
weltfern;2,2
weltkrieg;4,6
weltruhm;3,7
wenden;2,1
wenig;1,5
werbung;2,9
werfen;1,9
werk;2,5
wert;2,5
wertlos;2,4
wertvoll;2,6
werwolf;3,8
wespe;3,5
weste;1,9
wetten;3,1
whisky;2,7
widerstand;3,2
widmen;2,1
wiege;1,3
wiese;1,4
wille;3,3
willen;2,9
wind;2,3
winseln;2,6
winter;2,1
wippe;2,8
wirken;2,5
wirkung;2,4
wirrnis;3,4
wissen;2,7
witwe;3,3
witwer;2,9
woche;1,9
wochenende;3,7
wodka;3,0
wohltat;1,8
wohnen;2,0
wohnheim;2,5
wohnung;2,0
wolke;1,9
wolle;2,0
wollen;2,5
wollust;3,7
wonne;2,3
wort;2,0
wortkarg;1,6
wuchern;3,5
wucht;4,1
wunde;3,9
wunder;3,6
wundern;2,8
wunsch;2,5
wünschen;3,3
würdigen;2,9
würfel;2,8
wurm;2,7
wurst;2,5
yacht;2,6
zaghaft;1,5
zahl;2,2
zahlen;2,4
zählen;1,9
zahlung;3,0
zahm;1,4
zahn;2,7
zahnarzt;4,1
zange;2,1
zank;3,4
zäpfchen;3,7
zart;2,2
zauber;3,6
zauberei;3,4
zauberer;3,5
zaubern;2,6
zaudern;2,5
zebra;2,8
zeche;2,4
zeigen;2,2
zeitlos;2,2
zeitnot;3,6
zeitung;2,6
zelle;3,2
zensur;3,7
zerfall;3,3
zerlegen;2,7
zerlumpt;2,9
zerrung;3,4
zerstören;3,9
zettel;2,1
zeuge;2,7
zeugin;3,4
zeugnis;3,4
ziege;2,0
ziegel;2,1
ziehen;1,8
ziel;3,1
ziellos;3,0
zierlich;1,9
zigarette;3,2
zigarre;2,6
zimmer;1,7
zins;2,7
zirkus;2,9
zitat;2,5
zitrone;2,8
zittern;3,6
zögern;2,8
zoll;2,4
zopf;2,2
zorn;4,1
zornig;4,2
zufall;2,5
zuflucht;2,8
zugabe;2,9
zugeben;2,3
zuhause;1,9
zujubeln;3,2
zukunft;3,7
zulassen;2,8
zunehmen;3,2
zunge;2,9
zusage;2,6
zustand;2,2
zustimmen;2,5
zustimmung;2,5
zwang;4,2
zwanglos;2,4
zweck;2,2
zwecklos;2,2
zweifel;3,1
zwieback;1,8
zwiebel;2,8
zwingen;3,8
zwist;3,9
zylinder;2,1
zynismus;3,8
misshandlung;7,65
aktivieren;5,75
bewundert;5,40
anbetungswürdig;5,55
zuneigung;4,20
ängstlich;6,05
aggressiv;7,32
entfernt;4,95
krankenwagen;6,30
verärgert;6,40
verängstigt;6,00
ärgern;5,95
gespannt;6,05
beweglichkeit;5,65
erregt;7,40
arrogant;6,50
ermorden;7,50
erstaunt;5,90
schönheit;5,00
bettler;5,00
erpressung;6,95
blasiert;4,70
blind;4,50
blühen;3,80
gewagt;5,60
gelangweilt;3,05
schüssel;3,70
häschen;3,55
belastet;5,40
beerdigung;6,90
schmetterling;3,40
krebs;6,75
fähig;4,15
liebkosung;5,10
stadt;4,85
kleidung;3,85
komödie;5,15
konzentriert;4,15
überzeugt;4,75
wirr;6,05
getröstet;4,25
geringschätzung;6,05
kontext;3,75
kontrollierend;5,80
häuschen;3,45
gemütlich;2,70
kreuzigen;7,40
platt;3,80
neugierig;5,45
brauch;3,65
süß;4,70
wirbelsturm;7,00
verwesung;6,40
besiegt;5,25
aufmüpfig;5,65
dämon;6,25
deprimiert;5,95
depression;6,05
deserteur;6,00
verzweifelt;6,65
verachten;6,50
unparteiisch;4,40
gewidmet;4,45
würdevoll;3,95
enttäuschen;5,70
desaster;6,75
niedergeschlagen;4,90
eingebildet;5,85
angeekelt;6,25
illoyal;5,80
missfallen;5,20
trübsinnig;4,65
scheidung;6,15
tür;3,75
grässlich;6,65
kleid;4,55
duldsam;3,95
euphorisch;6,60
elegant;4,55
mühsam;5,20
umkämpft;6,20
engagiert;5,35
langeweile;3,20
anstellung;4,20
wütend;7,15
erledigung;4,65
exzellenz;4,80
begeisterung;6,10
ausrede;5,35
hinrichtung;7,10
übung;4,35
faszinieren;6,00
erschöpft;4,45
furchtsam;6,15
wabbelig;5,05
stinkend;6,35
frei;5,80
frustriert;6,35
begräbnis;5,85
wundbrand;6,55
gletscher;4,15
glamour;4,50
pessimismus;4,90
graduiert;5,05
grün;3,05
guillotine;7,00
schuldig;6,70
glücklich;4,40
hass;7,75
kopfschmerz;6,15
verstecken;5,30
heim;3,45
hoffnungsvoll;5,20
krankenhaus;5,74
feindlich;6,37
umarmung;4,85
hungrig;5,45
impotent;6,10
beeindruckt;5,50
infektion;6,95
unsicher;5,40
dreist;6,40
inspirieren;4,85
inspiriert;5,80
irritieren;5,95
eifersucht;7,15
marmelade;3,50
jubilant;4,65
gerechtigkeit;5,20
kerosin;5,55
liebenswürdigkeit;4,85
könig;4,85
kuss;6,50
gemächlich;2,45
läuse;6,05
teilnahmslos;4,10
einsamkeit;5,45
laus;5,60
geliebt;5,40
ein glückspilz sein;5,05
köstlich;5,15
made;5,75
bösartigkeit;7,25
meisterhaft;5,60
masern;6,15
demütig;5,35
bedrohung;7,05
kräftig;5,00
schimmelpilz;6,15
millionär;5,65
moment;4,70
krankhaft;6,10
leichenschauhaus;6,75
berg;3,55
muskulös;5,75
verstümmeln;7,60
nektar;3,80
lässig;3,10
orchester;4,55
papier;3,25
leidenschaft;7,00
patent;4,05
bleistift;3,60
vollkommenheit;4,25
pflanze;2,85
höflichkeit;3,20
verschmutzen;5,85
mächtig;5,75
privatheit;3,70
gewinne;5,50
behütet;3,25
verdorben;6,30
wut;6,95
radio;4,45
regenbogen;3,40
vergewaltigung;7,85
rassel;5,50
erfrischung;5,65
reuig;4,50
zurückgewiesen;6,50
entspannt;2,30
bedauernd;5,20
rettung;5,85
reserviert;3,95
respekt;5,45
ehrfürchtig;4,85
ehrerbietig;5,10
revolte;7,20
belohnung;4,60
aufruhr;7,00
fluss;3,60
romantisch;3,80
verfault;5,85
unerzogen;5,90
oxidiert;4,75
salut;4,40
zufrieden;4,05
gelehrter;4,20
verachtung;6,85
verächtlich;6,63
abschaum;7,00
skorbut;5,80
sitz;3,80
egoistisch;6,35
beschämt;5,90
beschützt;4,05
schamhaft;6,10
sünde;7,45
sündig;6,50
memme;5,85
skeptisch;5,55
slum;6,65
pocken;5,74
ehemann;4,60
quadrat;3,60
aufgeschreckt;6,65
krach;6,90
stress;6,55
dumm;4,85
kleinlaut;4,55
ersticken;7,60
selbstmord;7,60
morgendämmerung;3,40
sonnenuntergang;3,85
überrascht;6,20
verdächtig;6,15
verlobter;4,65
syphilis;6,50
angespannt;6,20
termite;5,15
schrecklich;6,40
theorie;4,40
dorn;5,50
rücksichtsvoll;3,65
erschaudern;6,30
zeit;4,30
schüchtern;4,65
zahnschmerzen;6,50
tornado;7,60
giftig;6,70
tragödie;6,15
verräter;7,30
triumphierend;5,65
trophäe;5,15
trompete;5,40
hässlich;5,95
geschwür;7,05
untreu;7,20
unglücklich;5,65
unbeschwert;3,95
verstimmt;5,15
nützlich;4,10
nutzlos;5,30
verliebt;6,10
vandale;6,25
eitelkeit;5,35
fahrzeug;4,35
energisch;6,55
dorf;3,55
gewalttätig;7,45
sehkraft;4,45
erbrochenes;7,50
wärme;3,50
verschwendung;6,50
wasserfall;5,05
wohlhabend;4,11
müde;3,15
bösartig;7,00
astronaut;5,60
schokolade;3,89
tänzer;5,55
sehnsucht;5,75
abendessen;3,75
taucher;3,68
hund;4,05
erotisch;6,65
feuerwerk;6,20
turner;5,05
verblendung;6,35
kätzchen;3,65
draußen;4,65
crèpe;4,45
nudeln;3,50
pizza;4,25
kaninchen;3,60
rutschbahn;5,30
segelboot;4,10
sexy;6,70
sprungschanze;5,20
wolken;2,70
straps;5,30
golfer;3,65
falke;5,05
krankenschwester;4,50
tennis;4,25
bus;3,95
weiß;3,55
blau;3,25
gelb;3,90
erwachsen;3,60
gebäude;2,95
auto;4,35
computer;4,30
kuh;3,40
schaufel;4,60
bauernhof;3,30
feld;2,95
landstraße;3,35
hydrant;4,45
eisen;4,50
glühlampe;3,35
champignon;3,85
rot;6,45
firmament;3,45
wolkenkratzer;5,30
schwimmer;4,55
lastwagen;4,65
regenschirm;3,90
drogenabhängiger;7,25
alkoholiker;7,00
bienen;5,05
boxer;5,74
verbrennung;6,95
dreckig;6,25
ertrinken;6,85
lesbe;5,45
masturbieren;6,50
eiter;6,70
erschrocken;6,55
schädel;5,40
schlange;5,85
ausgehungert;5,70
chirurgie;6,50
terrorist;7,95
müll;5,25
harn;4,55
wunden;6,35
entführung;7,00
abtreibung;6,90
überfluss;5,20
ass;4,80
beschwerden;6,05
süchtig;6,55
abenteuer;6,45
außerirdisch;5,85
alimente;4,90
allergie;6,35
gasse;4,45
knöchel;3,95
haushaltsgerät;3,80
arm;3,90
sportarten;4,05
backen;3,21
fass;3,45
badewanne;3,10
wunderschön;4,85
trauerfall;5,95
getränk;4,45
fade;3,45
blasphemie;5,00
blond;4,60
geheule;6,40
körper;5,00
brise;3,05
hell;4,80
kaputt;5,53
gewehrkugel;6,50
wichtigtuer;5,85
stock;4,20
champion;6,25
kinn;3,55
weihnachten;5,45
ungeschickt;5,00
grob;5,70
münze;3,55
kalt;5,45
säule;3,15
koch;4,60
korken;4,60
ecke;4,05
kriminell;6,85
rüde;5,35
küche;3,50
gardine;3,80
schnitt;5,40
dunkel;4,30
dämmerung;4,30
morgenröte;3,10
blendung;5,00
schmücken;5,11
unförmig;4,30
verspätet;5,15
verwahrlost;6,55
zerstörung;7,00
unbequemlichkeit;5,65
dollar;4,50
düster;4,90
schaufensterpuppe;3,50
müllkippe;5,25
einfach;3,35
ei;3,15
ellbogen;4,20
fahrstuhl;4,70
ereignis;5,55
böse;6,65
stoff;3,90
falsch;6,95
berühmt;5,35
phantasie;5,00
schaum;4,20
fuß;3,40
eiskalt;6,05
kleidungsstück;3,55
geschlecht;4,70
keime;5,95
gut;4,75
klatsch;5,45
grüßen;4,50
beschwerde;6,70
gewohnheit;3,30
haarnadel;3,70
hamburger;4,30
zufällig;4,50
hart;5,90
bedrängnisse;6,95
hut;3,50
heu;3,25
scheinwerfer;5,05
heilen;4,40
hölle;6,45
heroin;7,26
erschweren;5,95
nutte;6,30
demütigen;6,60
hurrikan;7,35
kühlschrank;3,60
idee;5,70
identität;5,35
idol;5,10
ignoranz;6,75
gebrechen;5,85
unreif;5,10
unmoralisch;6,45
gleichgültig;3,35
minderwertig;6,50
einwohner;4,05
unschuldig;4,30
beleidigung;6,50
intellekt;4,85
geschlechtsverkehr;6,75
investieren;4,65
stück;3,85
witz;5,25
jovial;4,30
veröffentlichung;5,25
taschentuch;3,45
ketchup;4,05
kessel;4,10
schlüssel;4,00
kinder;5,95
knoten;3,95
lamm;2,95
großzügig;4,15
rasen;2,85
prozess;4,75
faul;3,70
legende;4,20
leuchtturm;3,70
gelenkig;4,25
lebhaft;6,05
spind;4,05
verlierer;5,53
verloren;5,20
maschine;3,25
verrückt;6,35
post;4,75
zerfleischen;7,50
manisch;6,10
konsole;3,70
material;3,75
erinnerungen;4,45
fröhlich;5,26
unordentlich;5,60
methode;3,35
mobilität;4,80
gussform;3,75
temperamentvoll;6,35
trüb;4,05
muffin;4,05
museum;3,35
unbekleidet;5,55
betäubungsmittel;5,85
ekelhaft;7,10
natürlich;3,60
vernachlässigung;6,70
nervös;6,55
neurotisch;6,50
nachrichten;5,15
sympathisch;4,60
brustwarze;6,10
blödsinn;5,55
strick;5,15
ernähren;3,90
belästigung;7,25
kinderkrippe;3,80
fettleibigkeit;6,20
gehorchen;5,63
widerlich;6,85
obszön;6,45
besessenheit;7,85
beleidigen;6,70
optimismus;5,05
möglichkeit;4,30
orgasmus;7,20
gräueltat;7,50
außerordentlich;6,20
bewölkt;3,85
anstrich;3,80
pamphlet;4,65
lähmung;5,70
durchgang;4,25
geduldig;3,10
patriot;5,65
bußgeld;6,75
penis;6,60
dachwohnung;3,80
kniff;4,95
flach;3,35
poster;3,55
prestige;5,85
fortschritt;5,45
ätzend;7,00
python;5,95
königin;4,45
strahlend;6,00
heizkörper;3,45
ranzig;5,65
rasierapparat;4,35
reptil;5,30
beleidigt;5,90
restaurant;4,30
räuber;6,00
fels;3,15
rau;5,15
sicher;3,30
heiliger;4,40
speichern;3,60
abkochen;3,90
sündenbock;6,25
brennend;6,45
flinte;5,40
aufschrei;6,60
doof;5,40
langsam;3,15
schneeregen;5,35
glatt;4,00
gesellig;4,58
beruhigen;3,30
prügel;7,25
sphäre;3,95
spray;4,55
frühling;4,55
stagnierend;4,15
statue;3,70
zucker;4,40
sonnenlicht;3,90
herumfummeln;6,35
geschmack;4,10
taxi;3,60
zärtlich;4,50
thermometer;3,45
werkzeug;3,90
spielzeug;3,55
gepäckträger;4,10
abenddämmerung;3,90
gerät;3,95
vagina;6,05
ehefrau;4,80
windmühle;3,25
zwinkern;4,85
einfallsreichtum;5,15
schriftsteller;3,85
jung;5,00
elan;5,45